<?xml version="1.0" encoding="UTF-8"?>
<point_cloud version="1.2.0">
  <params>
    <dataType>uint8</dataType>
    <bands>
      <band label="Red"/>
      <band label="Green"/>
      <band label="Blue"/>
    </bands>
  </params>
  <tracks path="tracks.ply" count="6713"/>
  <points path="points.ply" count="6165"/>
  <projections camera_id="0" path="p0.ply" count="427"/>
  <projections camera_id="1" path="p1.ply" count="538"/>
  <projections camera_id="2" path="p2.ply" count="490"/>
  <projections camera_id="3" path="p3.ply" count="529"/>
  <projections camera_id="4" path="p4.ply" count="653"/>
  <projections camera_id="5" path="p5.ply" count="636"/>
  <projections camera_id="6" path="p6.ply" count="631"/>
  <projections camera_id="7" path="p7.ply" count="641"/>
  <projections camera_id="8" path="p8.ply" count="718"/>
  <projections camera_id="9" path="p9.ply" count="828"/>
  <projections camera_id="10" path="p10.ply" count="887"/>
  <projections camera_id="11" path="p11.ply" count="827"/>
  <projections camera_id="12" path="p12.ply" count="761"/>
  <projections camera_id="13" path="p13.ply" count="566"/>
  <projections camera_id="14" path="p14.ply" count="615"/>
  <projections camera_id="15" path="p15.ply" count="349"/>
  <projections camera_id="16" path="p16.ply" count="577"/>
  <projections camera_id="17" path="p17.ply" count="828"/>
  <projections camera_id="18" path="p18.ply" count="802"/>
  <projections camera_id="19" path="p19.ply" count="727"/>
  <projections camera_id="20" path="p20.ply" count="474"/>
  <projections camera_id="21" path="p21.ply" count="257"/>
  <projections camera_id="22" path="p22.ply" count="696"/>
  <projections camera_id="23" path="p23.ply" count="603"/>
  <projections camera_id="24" path="p24.ply" count="786"/>
  <projections camera_id="25" path="p25.ply" count="874"/>
  <projections camera_id="26" path="p26.ply" count="873"/>
  <projections camera_id="27" path="p27.ply" count="726"/>
  <projections camera_id="28" path="p28.ply" count="664"/>
  <projections camera_id="29" path="p29.ply" count="350"/>
  <keypoints>
    <block path="points0.zip"/>
    <block path="points1.zip"/>
  </keypoints>
  <meta>
    <property name="match/duration" value="10.589225"/>
    <property name="match/match_downscale" value="4"/>
    <property name="match/match_point_limit" value="40000"/>
    <property name="match/match_preselection_generic" value="true"/>
    <property name="match/match_tiepoint_limit" value="4000"/>
  </meta>
</point_cloud>
