<?xml version="1.0" encoding="UTF-8"?>
<dense_cloud version="1.2.0">
  <tiles>
    <tile path="dense_cloud.oc3">
      <totalCount>850365</totalCount>
      <validCount>850365</validCount>
      <pointCount class="0">850365</pointCount>
    </tile>
  </tiles>
  <params>
    <dataType>uint8</dataType>
    <bands>
      <band label="Red"/>
      <band label="Green"/>
      <band label="Blue"/>
    </bands>
  </params>
  <meta>
    <property name="dense_cloud/density" value="100"/>
    <property name="dense_cloud/depth_downscale" value="8"/>
    <property name="dense_cloud/depth_filter_mode" value="2"/>
    <property name="dense_cloud/duration" value="6.172386"/>
    <property name="dense_cloud/resolution" value="0.00864109284649845"/>
    <property name="depth/duration" value="46.130789"/>
  </meta>
</dense_cloud>
