<?xml version="1.0" encoding="UTF-8"?>
<keypoint_block version="1.2.0">
  <keypoints camera_id="0" preselection="1" path="s0.kpt"/>
  <keypoints camera_id="1" preselection="1" path="s1.kpt"/>
  <keypoints camera_id="2" preselection="1" path="s2.kpt"/>
  <keypoints camera_id="3" preselection="1" path="s3.kpt"/>
  <keypoints camera_id="4" preselection="1" path="s4.kpt"/>
  <keypoints camera_id="5" preselection="1" path="s5.kpt"/>
  <keypoints camera_id="6" preselection="1" path="s6.kpt"/>
  <keypoints camera_id="7" preselection="1" path="s7.kpt"/>
  <keypoints camera_id="8" preselection="1" path="s8.kpt"/>
  <keypoints camera_id="9" preselection="1" path="s9.kpt"/>
  <keypoints camera_id="10" preselection="1" path="s10.kpt"/>
  <keypoints camera_id="11" preselection="1" path="s11.kpt"/>
  <keypoints camera_id="12" preselection="1" path="s12.kpt"/>
  <keypoints camera_id="13" preselection="1" path="s13.kpt"/>
  <keypoints camera_id="14" preselection="1" path="s14.kpt"/>
  <keypoints camera_id="15" preselection="1" path="s15.kpt"/>
  <keypoints camera_id="16" preselection="1" path="s16.kpt"/>
  <keypoints camera_id="17" preselection="1" path="s17.kpt"/>
  <keypoints camera_id="18" preselection="1" path="s18.kpt"/>
  <keypoints camera_id="19" preselection="1" path="s19.kpt"/>
  <keypoints camera_id="20" preselection="1" path="s20.kpt"/>
  <keypoints camera_id="21" preselection="1" path="s21.kpt"/>
  <keypoints camera_id="22" preselection="1" path="s22.kpt"/>
  <keypoints camera_id="23" preselection="1" path="s23.kpt"/>
  <keypoints camera_id="24" preselection="1" path="s24.kpt"/>
  <keypoints camera_id="25" preselection="1" path="s25.kpt"/>
  <keypoints camera_id="26" preselection="1" path="s26.kpt"/>
  <keypoints camera_id="27" preselection="1" path="s27.kpt"/>
  <keypoints camera_id="28" preselection="1" path="s28.kpt"/>
  <keypoints camera_id="29" preselection="1" path="s29.kpt"/>
</keypoint_block>
