<?xml version="1.0" encoding="UTF-8"?>
<keypoint_block version="1.2.0">
  <keypoints camera_id="0" path="c0.kpt"/>
  <keypoints camera_id="1" path="c1.kpt"/>
  <keypoints camera_id="2" path="c2.kpt"/>
  <keypoints camera_id="3" path="c3.kpt"/>
  <keypoints camera_id="4" path="c4.kpt"/>
  <keypoints camera_id="5" path="c5.kpt"/>
  <keypoints camera_id="6" path="c6.kpt"/>
  <keypoints camera_id="7" path="c7.kpt"/>
  <keypoints camera_id="8" path="c8.kpt"/>
  <keypoints camera_id="9" path="c9.kpt"/>
  <keypoints camera_id="10" path="c10.kpt"/>
  <keypoints camera_id="11" path="c11.kpt"/>
  <keypoints camera_id="12" path="c12.kpt"/>
  <keypoints camera_id="13" path="c13.kpt"/>
  <keypoints camera_id="14" path="c14.kpt"/>
  <keypoints camera_id="15" path="c15.kpt"/>
  <keypoints camera_id="16" path="c16.kpt"/>
  <keypoints camera_id="17" path="c17.kpt"/>
  <keypoints camera_id="18" path="c18.kpt"/>
  <keypoints camera_id="19" path="c19.kpt"/>
  <keypoints camera_id="20" path="c20.kpt"/>
  <keypoints camera_id="21" path="c21.kpt"/>
  <keypoints camera_id="22" path="c22.kpt"/>
  <keypoints camera_id="23" path="c23.kpt"/>
  <keypoints camera_id="24" path="c24.kpt"/>
  <keypoints camera_id="25" path="c25.kpt"/>
  <keypoints camera_id="26" path="c26.kpt"/>
  <keypoints camera_id="27" path="c27.kpt"/>
  <keypoints camera_id="28" path="c28.kpt"/>
  <keypoints camera_id="29" path="c29.kpt"/>
</keypoint_block>
