<?xml version="1.0" encoding="UTF-8"?>
<frame version="1.2.0">
  <cameras>
    <camera camera_id="0">
      <photo path="../../../../../../input/IMG_0916.JPG">
        <meta>
          <property name="Exif/ApertureValue" value="1.69599"/>
          <property name="Exif/DateTime" value="2018:06:08 15:45:05"/>
          <property name="Exif/DateTimeOriginal" value="2018:06:08 15:45:05"/>
          <property name="Exif/ExposureTime" value="0.00813008"/>
          <property name="Exif/FNumber" value="1.8"/>
          <property name="Exif/FocalLength" value="4"/>
          <property name="Exif/FocalLengthIn35mmFilm" value="28"/>
          <property name="Exif/ISOSpeedRatings" value="20"/>
          <property name="Exif/Make" value="Apple"/>
          <property name="Exif/Model" value="iPhone X"/>
          <property name="Exif/Orientation" value="6"/>
          <property name="Exif/ShutterSpeedValue" value="6.94608"/>
          <property name="Exif/Software" value="11.3.1"/>
          <property name="File/ImageHeight" value="3024"/>
          <property name="File/ImageWidth" value="4032"/>
          <property name="System/FileModifyDate" value="2019:02:21 15:28:02"/>
          <property name="System/FileSize" value="3065837"/>
        </meta>
      </photo>
    </camera>
    <camera camera_id="1">
      <photo path="../../../../../../input/IMG_0917.JPG">
        <meta>
          <property name="Exif/ApertureValue" value="1.69599"/>
          <property name="Exif/DateTime" value="2018:06:08 15:45:10"/>
          <property name="Exif/DateTimeOriginal" value="2018:06:08 15:45:10"/>
          <property name="Exif/ExposureTime" value="0.008"/>
          <property name="Exif/FNumber" value="1.8"/>
          <property name="Exif/FocalLength" value="4"/>
          <property name="Exif/FocalLengthIn35mmFilm" value="28"/>
          <property name="Exif/ISOSpeedRatings" value="20"/>
          <property name="Exif/Make" value="Apple"/>
          <property name="Exif/Model" value="iPhone X"/>
          <property name="Exif/Orientation" value="6"/>
          <property name="Exif/ShutterSpeedValue" value="6.96488"/>
          <property name="Exif/Software" value="11.3.1"/>
          <property name="File/ImageHeight" value="3024"/>
          <property name="File/ImageWidth" value="4032"/>
          <property name="System/FileModifyDate" value="2019:02:21 15:28:04"/>
          <property name="System/FileSize" value="3242599"/>
        </meta>
      </photo>
    </camera>
    <camera camera_id="2">
      <photo path="../../../../../../input/IMG_0918.JPG">
        <meta>
          <property name="Exif/ApertureValue" value="1.69599"/>
          <property name="Exif/DateTime" value="2018:06:08 15:45:15"/>
          <property name="Exif/DateTimeOriginal" value="2018:06:08 15:45:15"/>
          <property name="Exif/ExposureTime" value="0.008"/>
          <property name="Exif/FNumber" value="1.8"/>
          <property name="Exif/FocalLength" value="4"/>
          <property name="Exif/FocalLengthIn35mmFilm" value="28"/>
          <property name="Exif/ISOSpeedRatings" value="20"/>
          <property name="Exif/Make" value="Apple"/>
          <property name="Exif/Model" value="iPhone X"/>
          <property name="Exif/Orientation" value="6"/>
          <property name="Exif/ShutterSpeedValue" value="6.96488"/>
          <property name="Exif/Software" value="11.3.1"/>
          <property name="File/ImageHeight" value="3024"/>
          <property name="File/ImageWidth" value="4032"/>
          <property name="System/FileModifyDate" value="2019:02:21 15:28:02"/>
          <property name="System/FileSize" value="3428228"/>
        </meta>
      </photo>
    </camera>
    <camera camera_id="3">
      <photo path="../../../../../../input/IMG_0919.JPG">
        <meta>
          <property name="Exif/ApertureValue" value="1.69599"/>
          <property name="Exif/DateTime" value="2018:06:08 15:45:20"/>
          <property name="Exif/DateTimeOriginal" value="2018:06:08 15:45:20"/>
          <property name="Exif/ExposureTime" value="0.008"/>
          <property name="Exif/FNumber" value="1.8"/>
          <property name="Exif/FocalLength" value="4"/>
          <property name="Exif/FocalLengthIn35mmFilm" value="28"/>
          <property name="Exif/ISOSpeedRatings" value="20"/>
          <property name="Exif/Make" value="Apple"/>
          <property name="Exif/Model" value="iPhone X"/>
          <property name="Exif/Orientation" value="6"/>
          <property name="Exif/ShutterSpeedValue" value="6.96488"/>
          <property name="Exif/Software" value="11.3.1"/>
          <property name="File/ImageHeight" value="3024"/>
          <property name="File/ImageWidth" value="4032"/>
          <property name="System/FileModifyDate" value="2019:02:21 15:28:02"/>
          <property name="System/FileSize" value="3619782"/>
        </meta>
      </photo>
    </camera>
    <camera camera_id="4">
      <photo path="../../../../../../input/IMG_0920.JPG">
        <meta>
          <property name="Exif/ApertureValue" value="1.69599"/>
          <property name="Exif/DateTime" value="2018:06:08 15:45:24"/>
          <property name="Exif/DateTimeOriginal" value="2018:06:08 15:45:24"/>
          <property name="Exif/ExposureTime" value="0.0078125"/>
          <property name="Exif/FNumber" value="1.8"/>
          <property name="Exif/FocalLength" value="4"/>
          <property name="Exif/FocalLengthIn35mmFilm" value="28"/>
          <property name="Exif/ISOSpeedRatings" value="20"/>
          <property name="Exif/Make" value="Apple"/>
          <property name="Exif/Model" value="iPhone X"/>
          <property name="Exif/Orientation" value="6"/>
          <property name="Exif/ShutterSpeedValue" value="7.00287"/>
          <property name="Exif/Software" value="11.3.1"/>
          <property name="File/ImageHeight" value="3024"/>
          <property name="File/ImageWidth" value="4032"/>
          <property name="System/FileModifyDate" value="2019:02:21 15:28:02"/>
          <property name="System/FileSize" value="3738698"/>
        </meta>
      </photo>
    </camera>
    <camera camera_id="5">
      <photo path="../../../../../../input/IMG_0921.JPG">
        <meta>
          <property name="Exif/ApertureValue" value="1.69599"/>
          <property name="Exif/DateTime" value="2018:06:08 15:45:28"/>
          <property name="Exif/DateTimeOriginal" value="2018:06:08 15:45:28"/>
          <property name="Exif/ExposureTime" value="0.0075188"/>
          <property name="Exif/FNumber" value="1.8"/>
          <property name="Exif/FocalLength" value="4"/>
          <property name="Exif/FocalLengthIn35mmFilm" value="28"/>
          <property name="Exif/ISOSpeedRatings" value="20"/>
          <property name="Exif/Make" value="Apple"/>
          <property name="Exif/Model" value="iPhone X"/>
          <property name="Exif/Orientation" value="6"/>
          <property name="Exif/ShutterSpeedValue" value="7.0539"/>
          <property name="Exif/Software" value="11.3.1"/>
          <property name="File/ImageHeight" value="3024"/>
          <property name="File/ImageWidth" value="4032"/>
          <property name="System/FileModifyDate" value="2019:02:21 15:28:03"/>
          <property name="System/FileSize" value="3825174"/>
        </meta>
      </photo>
    </camera>
    <camera camera_id="6">
      <photo path="../../../../../../input/IMG_0922.JPG">
        <meta>
          <property name="Exif/ApertureValue" value="1.69599"/>
          <property name="Exif/DateTime" value="2018:06:08 15:45:32"/>
          <property name="Exif/DateTimeOriginal" value="2018:06:08 15:45:32"/>
          <property name="Exif/ExposureTime" value="0.00724638"/>
          <property name="Exif/FNumber" value="1.8"/>
          <property name="Exif/FocalLength" value="4"/>
          <property name="Exif/FocalLengthIn35mmFilm" value="28"/>
          <property name="Exif/ISOSpeedRatings" value="20"/>
          <property name="Exif/Make" value="Apple"/>
          <property name="Exif/Model" value="iPhone X"/>
          <property name="Exif/Orientation" value="6"/>
          <property name="Exif/ShutterSpeedValue" value="7.11099"/>
          <property name="Exif/Software" value="11.3.1"/>
          <property name="File/ImageHeight" value="3024"/>
          <property name="File/ImageWidth" value="4032"/>
          <property name="System/FileModifyDate" value="2019:02:21 15:28:03"/>
          <property name="System/FileSize" value="3712397"/>
        </meta>
      </photo>
    </camera>
    <camera camera_id="7">
      <photo path="../../../../../../input/IMG_0923.JPG">
        <meta>
          <property name="Exif/ApertureValue" value="1.69599"/>
          <property name="Exif/DateTime" value="2018:06:08 15:45:36"/>
          <property name="Exif/DateTimeOriginal" value="2018:06:08 15:45:36"/>
          <property name="Exif/ExposureTime" value="0.00666667"/>
          <property name="Exif/FNumber" value="1.8"/>
          <property name="Exif/FocalLength" value="4"/>
          <property name="Exif/FocalLengthIn35mmFilm" value="28"/>
          <property name="Exif/ISOSpeedRatings" value="20"/>
          <property name="Exif/Make" value="Apple"/>
          <property name="Exif/Model" value="iPhone X"/>
          <property name="Exif/Orientation" value="6"/>
          <property name="Exif/ShutterSpeedValue" value="7.23243"/>
          <property name="Exif/Software" value="11.3.1"/>
          <property name="File/ImageHeight" value="3024"/>
          <property name="File/ImageWidth" value="4032"/>
          <property name="System/FileModifyDate" value="2019:02:21 15:28:04"/>
          <property name="System/FileSize" value="3672413"/>
        </meta>
      </photo>
    </camera>
    <camera camera_id="8">
      <photo path="../../../../../../input/IMG_0924.JPG">
        <meta>
          <property name="Exif/ApertureValue" value="1.69599"/>
          <property name="Exif/DateTime" value="2018:06:08 15:45:40"/>
          <property name="Exif/DateTimeOriginal" value="2018:06:08 15:45:40"/>
          <property name="Exif/ExposureTime" value="0.00625"/>
          <property name="Exif/FNumber" value="1.8"/>
          <property name="Exif/FocalLength" value="4"/>
          <property name="Exif/FocalLengthIn35mmFilm" value="28"/>
          <property name="Exif/ISOSpeedRatings" value="20"/>
          <property name="Exif/Make" value="Apple"/>
          <property name="Exif/Model" value="iPhone X"/>
          <property name="Exif/Orientation" value="6"/>
          <property name="Exif/ShutterSpeedValue" value="7.32586"/>
          <property name="Exif/Software" value="11.3.1"/>
          <property name="File/ImageHeight" value="3024"/>
          <property name="File/ImageWidth" value="4032"/>
          <property name="System/FileModifyDate" value="2019:02:21 15:28:02"/>
          <property name="System/FileSize" value="3779315"/>
        </meta>
      </photo>
    </camera>
    <camera camera_id="9">
      <photo path="../../../../../../input/IMG_0925.JPG">
        <meta>
          <property name="Exif/ApertureValue" value="1.69599"/>
          <property name="Exif/DateTime" value="2018:06:08 15:45:45"/>
          <property name="Exif/DateTimeOriginal" value="2018:06:08 15:45:45"/>
          <property name="Exif/ExposureTime" value="0.00568182"/>
          <property name="Exif/FNumber" value="1.8"/>
          <property name="Exif/FocalLength" value="4"/>
          <property name="Exif/FocalLengthIn35mmFilm" value="28"/>
          <property name="Exif/ISOSpeedRatings" value="20"/>
          <property name="Exif/Make" value="Apple"/>
          <property name="Exif/Model" value="iPhone X"/>
          <property name="Exif/Orientation" value="6"/>
          <property name="Exif/ShutterSpeedValue" value="7.46244"/>
          <property name="Exif/Software" value="11.3.1"/>
          <property name="File/ImageHeight" value="3024"/>
          <property name="File/ImageWidth" value="4032"/>
          <property name="System/FileModifyDate" value="2019:02:21 15:28:03"/>
          <property name="System/FileSize" value="3725160"/>
        </meta>
      </photo>
    </camera>
    <camera camera_id="10">
      <photo path="../../../../../../input/IMG_0926.JPG">
        <meta>
          <property name="Exif/ApertureValue" value="1.69599"/>
          <property name="Exif/DateTime" value="2018:06:08 15:45:48"/>
          <property name="Exif/DateTimeOriginal" value="2018:06:08 15:45:48"/>
          <property name="Exif/ExposureTime" value="0.00502513"/>
          <property name="Exif/FNumber" value="1.8"/>
          <property name="Exif/FocalLength" value="4"/>
          <property name="Exif/FocalLengthIn35mmFilm" value="28"/>
          <property name="Exif/ISOSpeedRatings" value="20"/>
          <property name="Exif/Make" value="Apple"/>
          <property name="Exif/Model" value="iPhone X"/>
          <property name="Exif/Orientation" value="6"/>
          <property name="Exif/ShutterSpeedValue" value="7.63695"/>
          <property name="Exif/Software" value="11.3.1"/>
          <property name="File/ImageHeight" value="3024"/>
          <property name="File/ImageWidth" value="4032"/>
          <property name="System/FileModifyDate" value="2019:02:21 15:28:04"/>
          <property name="System/FileSize" value="3756600"/>
        </meta>
      </photo>
    </camera>
    <camera camera_id="11">
      <photo path="../../../../../../input/IMG_0927.JPG">
        <meta>
          <property name="Exif/ApertureValue" value="1.69599"/>
          <property name="Exif/DateTime" value="2018:06:08 15:45:52"/>
          <property name="Exif/DateTimeOriginal" value="2018:06:08 15:45:52"/>
          <property name="Exif/ExposureTime" value="0.00469484"/>
          <property name="Exif/FNumber" value="1.8"/>
          <property name="Exif/FocalLength" value="4"/>
          <property name="Exif/FocalLengthIn35mmFilm" value="28"/>
          <property name="Exif/ISOSpeedRatings" value="20"/>
          <property name="Exif/Make" value="Apple"/>
          <property name="Exif/Model" value="iPhone X"/>
          <property name="Exif/Orientation" value="6"/>
          <property name="Exif/ShutterSpeedValue" value="7.7362"/>
          <property name="Exif/Software" value="11.3.1"/>
          <property name="File/ImageHeight" value="3024"/>
          <property name="File/ImageWidth" value="4032"/>
          <property name="System/FileModifyDate" value="2019:02:21 15:28:03"/>
          <property name="System/FileSize" value="3799428"/>
        </meta>
      </photo>
    </camera>
    <camera camera_id="12">
      <photo path="../../../../../../input/IMG_0928.JPG">
        <meta>
          <property name="Exif/ApertureValue" value="1.69599"/>
          <property name="Exif/DateTime" value="2018:06:08 15:45:56"/>
          <property name="Exif/DateTimeOriginal" value="2018:06:08 15:45:56"/>
          <property name="Exif/ExposureTime" value="0.00434783"/>
          <property name="Exif/FNumber" value="1.8"/>
          <property name="Exif/FocalLength" value="4"/>
          <property name="Exif/FocalLengthIn35mmFilm" value="28"/>
          <property name="Exif/ISOSpeedRatings" value="20"/>
          <property name="Exif/Make" value="Apple"/>
          <property name="Exif/Model" value="iPhone X"/>
          <property name="Exif/Orientation" value="6"/>
          <property name="Exif/ShutterSpeedValue" value="7.84245"/>
          <property name="Exif/Software" value="11.3.1"/>
          <property name="File/ImageHeight" value="3024"/>
          <property name="File/ImageWidth" value="4032"/>
          <property name="System/FileModifyDate" value="2019:02:21 15:28:02"/>
          <property name="System/FileSize" value="3715267"/>
        </meta>
      </photo>
    </camera>
    <camera camera_id="13">
      <photo path="../../../../../../input/IMG_0929.JPG">
        <meta>
          <property name="Exif/ApertureValue" value="1.69599"/>
          <property name="Exif/DateTime" value="2018:06:08 15:46:00"/>
          <property name="Exif/DateTimeOriginal" value="2018:06:08 15:46:00"/>
          <property name="Exif/ExposureTime" value="0.003125"/>
          <property name="Exif/FNumber" value="1.8"/>
          <property name="Exif/FocalLength" value="4"/>
          <property name="Exif/FocalLengthIn35mmFilm" value="28"/>
          <property name="Exif/ISOSpeedRatings" value="20"/>
          <property name="Exif/Make" value="Apple"/>
          <property name="Exif/Model" value="iPhone X"/>
          <property name="Exif/Orientation" value="6"/>
          <property name="Exif/ShutterSpeedValue" value="8.321"/>
          <property name="Exif/Software" value="11.3.1"/>
          <property name="File/ImageHeight" value="3024"/>
          <property name="File/ImageWidth" value="4032"/>
          <property name="System/FileModifyDate" value="2019:02:21 15:28:03"/>
          <property name="System/FileSize" value="2796825"/>
        </meta>
      </photo>
    </camera>
    <camera camera_id="14">
      <photo path="../../../../../../input/IMG_0930.JPG">
        <meta>
          <property name="Exif/ApertureValue" value="1.69599"/>
          <property name="Exif/DateTime" value="2018:06:08 15:46:04"/>
          <property name="Exif/DateTimeOriginal" value="2018:06:08 15:46:04"/>
          <property name="Exif/ExposureTime" value="0.00373134"/>
          <property name="Exif/FNumber" value="1.8"/>
          <property name="Exif/FocalLength" value="4"/>
          <property name="Exif/FocalLengthIn35mmFilm" value="28"/>
          <property name="Exif/ISOSpeedRatings" value="20"/>
          <property name="Exif/Make" value="Apple"/>
          <property name="Exif/Model" value="iPhone X"/>
          <property name="Exif/Orientation" value="6"/>
          <property name="Exif/ShutterSpeedValue" value="8.06622"/>
          <property name="Exif/Software" value="11.3.1"/>
          <property name="File/ImageHeight" value="3024"/>
          <property name="File/ImageWidth" value="4032"/>
          <property name="System/FileModifyDate" value="2019:02:21 15:28:03"/>
          <property name="System/FileSize" value="3349624"/>
        </meta>
      </photo>
    </camera>
    <camera camera_id="15">
      <photo path="../../../../../../input/IMG_0931.JPG">
        <meta>
          <property name="Exif/ApertureValue" value="1.69599"/>
          <property name="Exif/DateTime" value="2018:06:08 15:46:07"/>
          <property name="Exif/DateTimeOriginal" value="2018:06:08 15:46:07"/>
          <property name="Exif/ExposureTime" value="0.00515464"/>
          <property name="Exif/FNumber" value="1.8"/>
          <property name="Exif/FocalLength" value="4"/>
          <property name="Exif/FocalLengthIn35mmFilm" value="28"/>
          <property name="Exif/ISOSpeedRatings" value="20"/>
          <property name="Exif/Make" value="Apple"/>
          <property name="Exif/Model" value="iPhone X"/>
          <property name="Exif/Orientation" value="6"/>
          <property name="Exif/ShutterSpeedValue" value="7.60149"/>
          <property name="Exif/Software" value="11.3.1"/>
          <property name="File/ImageHeight" value="3024"/>
          <property name="File/ImageWidth" value="4032"/>
          <property name="System/FileModifyDate" value="2019:02:21 15:28:04"/>
          <property name="System/FileSize" value="3127738"/>
        </meta>
      </photo>
    </camera>
    <camera camera_id="16">
      <photo path="../../../../../../input/IMG_0938.JPG">
        <meta>
          <property name="Exif/ApertureValue" value="2.52607"/>
          <property name="Exif/DateTime" value="2018:06:08 15:48:26"/>
          <property name="Exif/DateTimeOriginal" value="2018:06:08 15:48:26"/>
          <property name="Exif/ExposureTime" value="0.00833333"/>
          <property name="Exif/FNumber" value="2.4"/>
          <property name="Exif/FocalLength" value="6"/>
          <property name="Exif/FocalLengthIn35mmFilm" value="52"/>
          <property name="Exif/ISOSpeedRatings" value="25"/>
          <property name="Exif/Make" value="Apple"/>
          <property name="Exif/Model" value="iPhone X"/>
          <property name="Exif/Orientation" value="1"/>
          <property name="Exif/ShutterSpeedValue" value="6.90955"/>
          <property name="Exif/Software" value="11.3.1"/>
          <property name="File/ImageHeight" value="3024"/>
          <property name="File/ImageWidth" value="4032"/>
          <property name="System/FileModifyDate" value="2019:02:21 15:28:03"/>
          <property name="System/FileSize" value="3431884"/>
        </meta>
      </photo>
    </camera>
    <camera camera_id="17">
      <photo path="../../../../../../input/IMG_0939.JPG">
        <meta>
          <property name="Exif/ApertureValue" value="2.52607"/>
          <property name="Exif/DateTime" value="2018:06:08 15:48:29"/>
          <property name="Exif/DateTimeOriginal" value="2018:06:08 15:48:29"/>
          <property name="Exif/ExposureTime" value="0.00833333"/>
          <property name="Exif/FNumber" value="2.4"/>
          <property name="Exif/FocalLength" value="6"/>
          <property name="Exif/FocalLengthIn35mmFilm" value="52"/>
          <property name="Exif/ISOSpeedRatings" value="25"/>
          <property name="Exif/Make" value="Apple"/>
          <property name="Exif/Model" value="iPhone X"/>
          <property name="Exif/Orientation" value="1"/>
          <property name="Exif/ShutterSpeedValue" value="6.90955"/>
          <property name="Exif/Software" value="11.3.1"/>
          <property name="File/ImageHeight" value="3024"/>
          <property name="File/ImageWidth" value="4032"/>
          <property name="System/FileModifyDate" value="2019:02:21 15:28:04"/>
          <property name="System/FileSize" value="3452309"/>
        </meta>
      </photo>
    </camera>
    <camera camera_id="18">
      <photo path="../../../../../../input/IMG_0940.JPG">
        <meta>
          <property name="Exif/ApertureValue" value="2.52607"/>
          <property name="Exif/DateTime" value="2018:06:08 15:48:32"/>
          <property name="Exif/DateTimeOriginal" value="2018:06:08 15:48:32"/>
          <property name="Exif/ExposureTime" value="0.00833333"/>
          <property name="Exif/FNumber" value="2.4"/>
          <property name="Exif/FocalLength" value="6"/>
          <property name="Exif/FocalLengthIn35mmFilm" value="52"/>
          <property name="Exif/ISOSpeedRatings" value="25"/>
          <property name="Exif/Make" value="Apple"/>
          <property name="Exif/Model" value="iPhone X"/>
          <property name="Exif/Orientation" value="1"/>
          <property name="Exif/ShutterSpeedValue" value="6.90955"/>
          <property name="Exif/Software" value="11.3.1"/>
          <property name="File/ImageHeight" value="3024"/>
          <property name="File/ImageWidth" value="4032"/>
          <property name="System/FileModifyDate" value="2019:02:21 15:28:03"/>
          <property name="System/FileSize" value="3417243"/>
        </meta>
      </photo>
    </camera>
    <camera camera_id="19">
      <photo path="../../../../../../input/IMG_0941.JPG">
        <meta>
          <property name="Exif/ApertureValue" value="2.52607"/>
          <property name="Exif/DateTime" value="2018:06:08 15:48:36"/>
          <property name="Exif/DateTimeOriginal" value="2018:06:08 15:48:36"/>
          <property name="Exif/ExposureTime" value="0.00833333"/>
          <property name="Exif/FNumber" value="2.4"/>
          <property name="Exif/FocalLength" value="6"/>
          <property name="Exif/FocalLengthIn35mmFilm" value="52"/>
          <property name="Exif/ISOSpeedRatings" value="20"/>
          <property name="Exif/Make" value="Apple"/>
          <property name="Exif/Model" value="iPhone X"/>
          <property name="Exif/Orientation" value="1"/>
          <property name="Exif/ShutterSpeedValue" value="6.90955"/>
          <property name="Exif/Software" value="11.3.1"/>
          <property name="File/ImageHeight" value="3024"/>
          <property name="File/ImageWidth" value="4032"/>
          <property name="System/FileModifyDate" value="2019:02:21 15:28:03"/>
          <property name="System/FileSize" value="3257468"/>
        </meta>
      </photo>
    </camera>
    <camera camera_id="20">
      <photo path="../../../../../../input/IMG_0942.JPG">
        <meta>
          <property name="Exif/ApertureValue" value="2.52607"/>
          <property name="Exif/DateTime" value="2018:06:08 15:48:40"/>
          <property name="Exif/DateTimeOriginal" value="2018:06:08 15:48:40"/>
          <property name="Exif/ExposureTime" value="0.00833333"/>
          <property name="Exif/FNumber" value="2.4"/>
          <property name="Exif/FocalLength" value="6"/>
          <property name="Exif/FocalLengthIn35mmFilm" value="52"/>
          <property name="Exif/ISOSpeedRatings" value="20"/>
          <property name="Exif/Make" value="Apple"/>
          <property name="Exif/Model" value="iPhone X"/>
          <property name="Exif/Orientation" value="1"/>
          <property name="Exif/ShutterSpeedValue" value="6.90955"/>
          <property name="Exif/Software" value="11.3.1"/>
          <property name="File/ImageHeight" value="3024"/>
          <property name="File/ImageWidth" value="4032"/>
          <property name="System/FileModifyDate" value="2019:02:21 15:28:04"/>
          <property name="System/FileSize" value="3589985"/>
        </meta>
      </photo>
    </camera>
    <camera camera_id="21">
      <photo path="../../../../../../input/IMG_0944.JPG">
        <meta>
          <property name="Exif/ApertureValue" value="2.52607"/>
          <property name="Exif/DateTime" value="2018:06:08 15:48:49"/>
          <property name="Exif/DateTimeOriginal" value="2018:06:08 15:48:49"/>
          <property name="Exif/ExposureTime" value="0.00833333"/>
          <property name="Exif/FNumber" value="2.4"/>
          <property name="Exif/FocalLength" value="6"/>
          <property name="Exif/FocalLengthIn35mmFilm" value="52"/>
          <property name="Exif/ISOSpeedRatings" value="20"/>
          <property name="Exif/Make" value="Apple"/>
          <property name="Exif/Model" value="iPhone X"/>
          <property name="Exif/Orientation" value="1"/>
          <property name="Exif/ShutterSpeedValue" value="6.90955"/>
          <property name="Exif/Software" value="11.3.1"/>
          <property name="File/ImageHeight" value="3024"/>
          <property name="File/ImageWidth" value="4032"/>
          <property name="System/FileModifyDate" value="2019:02:21 15:28:02"/>
          <property name="System/FileSize" value="3706144"/>
        </meta>
      </photo>
    </camera>
    <camera camera_id="22">
      <photo path="../../../../../../input/IMG_0945.JPG">
        <meta>
          <property name="Exif/ApertureValue" value="2.52607"/>
          <property name="Exif/DateTime" value="2018:06:08 15:48:53"/>
          <property name="Exif/DateTimeOriginal" value="2018:06:08 15:48:53"/>
          <property name="Exif/ExposureTime" value="0.00833333"/>
          <property name="Exif/FNumber" value="2.4"/>
          <property name="Exif/FocalLength" value="6"/>
          <property name="Exif/FocalLengthIn35mmFilm" value="52"/>
          <property name="Exif/ISOSpeedRatings" value="20"/>
          <property name="Exif/Make" value="Apple"/>
          <property name="Exif/Model" value="iPhone X"/>
          <property name="Exif/Orientation" value="1"/>
          <property name="Exif/ShutterSpeedValue" value="6.90955"/>
          <property name="Exif/Software" value="11.3.1"/>
          <property name="File/ImageHeight" value="3024"/>
          <property name="File/ImageWidth" value="4032"/>
          <property name="System/FileModifyDate" value="2019:02:21 15:28:02"/>
          <property name="System/FileSize" value="3562136"/>
        </meta>
      </photo>
    </camera>
    <camera camera_id="23">
      <photo path="../../../../../../input/IMG_0946.JPG">
        <meta>
          <property name="Exif/ApertureValue" value="2.52607"/>
          <property name="Exif/DateTime" value="2018:06:08 15:49:06"/>
          <property name="Exif/DateTimeOriginal" value="2018:06:08 15:49:06"/>
          <property name="Exif/ExposureTime" value="0.00833333"/>
          <property name="Exif/FNumber" value="2.4"/>
          <property name="Exif/FocalLength" value="6"/>
          <property name="Exif/FocalLengthIn35mmFilm" value="52"/>
          <property name="Exif/ISOSpeedRatings" value="16"/>
          <property name="Exif/Make" value="Apple"/>
          <property name="Exif/Model" value="iPhone X"/>
          <property name="Exif/Orientation" value="1"/>
          <property name="Exif/ShutterSpeedValue" value="6.90955"/>
          <property name="Exif/Software" value="11.3.1"/>
          <property name="File/ImageHeight" value="3024"/>
          <property name="File/ImageWidth" value="4032"/>
          <property name="System/FileModifyDate" value="2019:02:21 15:28:03"/>
          <property name="System/FileSize" value="3510412"/>
        </meta>
      </photo>
    </camera>
    <camera camera_id="24">
      <photo path="../../../../../../input/IMG_0947.JPG">
        <meta>
          <property name="Exif/ApertureValue" value="2.52607"/>
          <property name="Exif/DateTime" value="2018:06:08 15:49:08"/>
          <property name="Exif/DateTimeOriginal" value="2018:06:08 15:49:08"/>
          <property name="Exif/ExposureTime" value="0.00833333"/>
          <property name="Exif/FNumber" value="2.4"/>
          <property name="Exif/FocalLength" value="6"/>
          <property name="Exif/FocalLengthIn35mmFilm" value="52"/>
          <property name="Exif/ISOSpeedRatings" value="16"/>
          <property name="Exif/Make" value="Apple"/>
          <property name="Exif/Model" value="iPhone X"/>
          <property name="Exif/Orientation" value="1"/>
          <property name="Exif/ShutterSpeedValue" value="6.90955"/>
          <property name="Exif/Software" value="11.3.1"/>
          <property name="File/ImageHeight" value="3024"/>
          <property name="File/ImageWidth" value="4032"/>
          <property name="System/FileModifyDate" value="2019:02:21 15:28:02"/>
          <property name="System/FileSize" value="3191773"/>
        </meta>
      </photo>
    </camera>
    <camera camera_id="25">
      <photo path="../../../../../../input/IMG_0948.JPG">
        <meta>
          <property name="Exif/ApertureValue" value="2.52607"/>
          <property name="Exif/DateTime" value="2018:06:08 15:49:12"/>
          <property name="Exif/DateTimeOriginal" value="2018:06:08 15:49:12"/>
          <property name="Exif/ExposureTime" value="0.00833333"/>
          <property name="Exif/FNumber" value="2.4"/>
          <property name="Exif/FocalLength" value="6"/>
          <property name="Exif/FocalLengthIn35mmFilm" value="52"/>
          <property name="Exif/ISOSpeedRatings" value="16"/>
          <property name="Exif/Make" value="Apple"/>
          <property name="Exif/Model" value="iPhone X"/>
          <property name="Exif/Orientation" value="1"/>
          <property name="Exif/ShutterSpeedValue" value="6.90955"/>
          <property name="Exif/Software" value="11.3.1"/>
          <property name="File/ImageHeight" value="3024"/>
          <property name="File/ImageWidth" value="4032"/>
          <property name="System/FileModifyDate" value="2019:02:21 15:28:02"/>
          <property name="System/FileSize" value="3387252"/>
        </meta>
      </photo>
    </camera>
    <camera camera_id="26">
      <photo path="../../../../../../input/IMG_0949.JPG">
        <meta>
          <property name="Exif/ApertureValue" value="2.52607"/>
          <property name="Exif/DateTime" value="2018:06:08 15:49:14"/>
          <property name="Exif/DateTimeOriginal" value="2018:06:08 15:49:14"/>
          <property name="Exif/ExposureTime" value="0.008"/>
          <property name="Exif/FNumber" value="2.4"/>
          <property name="Exif/FocalLength" value="6"/>
          <property name="Exif/FocalLengthIn35mmFilm" value="52"/>
          <property name="Exif/ISOSpeedRatings" value="16"/>
          <property name="Exif/Make" value="Apple"/>
          <property name="Exif/Model" value="iPhone X"/>
          <property name="Exif/Orientation" value="1"/>
          <property name="Exif/ShutterSpeedValue" value="6.96867"/>
          <property name="Exif/Software" value="11.3.1"/>
          <property name="File/ImageHeight" value="3024"/>
          <property name="File/ImageWidth" value="4032"/>
          <property name="System/FileModifyDate" value="2019:02:21 15:28:02"/>
          <property name="System/FileSize" value="3496413"/>
        </meta>
      </photo>
    </camera>
    <camera camera_id="27">
      <photo path="../../../../../../input/IMG_0950.JPG">
        <meta>
          <property name="Exif/ApertureValue" value="2.52607"/>
          <property name="Exif/DateTime" value="2018:06:08 15:49:18"/>
          <property name="Exif/DateTimeOriginal" value="2018:06:08 15:49:18"/>
          <property name="Exif/ExposureTime" value="0.00729927"/>
          <property name="Exif/FNumber" value="2.4"/>
          <property name="Exif/FocalLength" value="6"/>
          <property name="Exif/FocalLengthIn35mmFilm" value="52"/>
          <property name="Exif/ISOSpeedRatings" value="16"/>
          <property name="Exif/Make" value="Apple"/>
          <property name="Exif/Model" value="iPhone X"/>
          <property name="Exif/Orientation" value="1"/>
          <property name="Exif/ShutterSpeedValue" value="7.10264"/>
          <property name="Exif/Software" value="11.3.1"/>
          <property name="File/ImageHeight" value="3024"/>
          <property name="File/ImageWidth" value="4032"/>
          <property name="System/FileModifyDate" value="2019:02:21 15:28:03"/>
          <property name="System/FileSize" value="3132815"/>
        </meta>
      </photo>
    </camera>
    <camera camera_id="28">
      <photo path="../../../../../../input/IMG_0951.JPG">
        <meta>
          <property name="Exif/ApertureValue" value="2.52607"/>
          <property name="Exif/DateTime" value="2018:06:08 15:49:21"/>
          <property name="Exif/DateTimeOriginal" value="2018:06:08 15:49:21"/>
          <property name="Exif/ExposureTime" value="0.00675676"/>
          <property name="Exif/FNumber" value="2.4"/>
          <property name="Exif/FocalLength" value="6"/>
          <property name="Exif/FocalLengthIn35mmFilm" value="52"/>
          <property name="Exif/ISOSpeedRatings" value="16"/>
          <property name="Exif/Make" value="Apple"/>
          <property name="Exif/Model" value="iPhone X"/>
          <property name="Exif/Orientation" value="1"/>
          <property name="Exif/ShutterSpeedValue" value="7.21004"/>
          <property name="Exif/Software" value="11.3.1"/>
          <property name="File/ImageHeight" value="3024"/>
          <property name="File/ImageWidth" value="4032"/>
          <property name="System/FileModifyDate" value="2019:02:21 15:28:02"/>
          <property name="System/FileSize" value="3173372"/>
        </meta>
      </photo>
    </camera>
    <camera camera_id="29">
      <photo path="../../../../../../input/IMG_0952.JPG">
        <meta>
          <property name="Exif/ApertureValue" value="2.52607"/>
          <property name="Exif/DateTime" value="2018:06:08 15:49:25"/>
          <property name="Exif/DateTimeOriginal" value="2018:06:08 15:49:25"/>
          <property name="Exif/ExposureTime" value="0.00502513"/>
          <property name="Exif/FNumber" value="2.4"/>
          <property name="Exif/FocalLength" value="6"/>
          <property name="Exif/FocalLengthIn35mmFilm" value="52"/>
          <property name="Exif/ISOSpeedRatings" value="16"/>
          <property name="Exif/Make" value="Apple"/>
          <property name="Exif/Model" value="iPhone X"/>
          <property name="Exif/Orientation" value="1"/>
          <property name="Exif/ShutterSpeedValue" value="7.63695"/>
          <property name="Exif/Software" value="11.3.1"/>
          <property name="File/ImageHeight" value="3024"/>
          <property name="File/ImageWidth" value="4032"/>
          <property name="System/FileModifyDate" value="2019:02:21 15:28:03"/>
          <property name="System/FileSize" value="3319415"/>
        </meta>
      </photo>
    </camera>
  </cameras>
  <thumbnails path="thumbnails/thumbnails.zip"/>
  <point_cloud path="point_cloud/point_cloud.zip"/>
  <dense_cloud id="0" path="dense_cloud/dense_cloud.zip"/>
  <model id="0" path="model/model.zip"/>
</frame>
